corriente,voltaje,potencia
8.90261795548521,0,0
8.90261795548521,2.95033978552658e-29,2.62657479494113e-28
8.89397424518063,3.40969955793034e-05,0.000303257800520362
8.88798579690144,6.81939911586068e-05,0.000606107224851719
8.88383690616921,0.00010229098673791,0.000908736443150712
8.8804843710636,0.000143396935763267,0.0012734342469041
8.87833287902002,0.000184502884788624,0.00163807802829288
8.87660073369891,0.000239430995237393,0.0021253333479945
8.87550757392612,0.000305557450573231,0.00271197746683227
8.87488700523531,0.000388656434490701,0.00344928193996261
8.87459214262843,0.000499090336584576,0.00442922317951526
8.874490022238,0.000659498427692809,0.00585271221624148
8.87447148336429,0.000932700113589091,0.00827722056057702
8.87446542352488,0.0016025809105218,0.0142220488788267
8.87443494738821,0.00443959606223487,0.0393989064469843
8.87428362260029,0.0186246718208003,0.165280620115633
8.87352686120758,0.0895500506136272,0.794624779542519
8.86974217894363,0.444176944577762,3.93973498023568
8.85973825250031,1.37917694457776,12.2191467328421
8.84947579054087,2.31417694457776,20.4792528460687
8.84756503952005,2.48763647309166,22.0095254903607
8.84756503952005,2.4876364730917,22.0095254903611
8.84756503934086,2.48763647364403,22.0095254948021
8.84756503934085,2.48763647364407,22.0095254948024
8.8475256746118,2.48788892364407,22.0116611275232
8.84752545118847,2.48827599338529,22.0150851810576
8.84751935765922,2.48975055700324,22.028116248829
8.84749331553079,2.49608981214568,22.0841379279234
8.84736272556132,2.52778608785784,22.3642404119059
8.84670793186846,2.68626746641867,23.7646237022862
8.84337632493637,3.47867435922279,30.763226470514
8.83991462717892,4.27108125202692,37.7559936336624
8.83628403727476,5.06348814483104,44.7424194671005
8.83246106816242,5.85589503763517,51.7219649391581
8.82844801554699,6.64830193043929,58.694187984544
8.82427572274659,7.44070882324342,65.6588662289733
8.81993963435512,8.23311571604754,72.6155836181998
8.81534260932324,9.02552260885167,79.5630740252203
8.80980872039618,9.8179295016558,86.4940809399221
8.80020492210383,10.6103363944599,93.3731345637036
8.79531978466744,10.8480584623012,95.4121432187064
8.78883978719957,11.0857805301424,97.4311489954778
8.78100468681537,11.3044276802893,99.2642324423855
8.77084683723246,11.5230748304361,101.067124431724
8.76019845173189,11.7047607406311,102.536026917969
8.74704114988826,11.886446650826,103.971237980726
8.73367777345668,12.0386858169434,105.142002741067
8.71777282553598,12.1909249830608,106.277714535475
8.64313518571718,12.6819082901922,109.611447764999
8.6114637682961,12.8292032823316,110.478219241904
8.57425208054878,12.9764982744711,111.263767328121
8.4673040339202,13.3026789862119,112.637827441898
8.31673975328362,13.6288596979527,113.347679241888
8.10810416169558,13.9550404096936,113.148921222466
7.82511416176323,14.2812211214344,111.752185644608
7.45110172594001,14.6074018331752,108.841237010671
6.70516680020624,15.0871435842273,101.161814270906
6.70516723418751,15.0871464170544,101.161839813023
6.70516941218469,15.0871492498815,101.16189166737
6.70517670877344,15.0871634140168,101.162096725124
6.70515286120444,15.0872233207555,101.162138616794
6.70496243995615,15.0873547368359,101.160146828779
6.70447999986975,15.0876226512996,101.15466431122
6.70289592512003,15.0884932390043,101.136599847923
6.69656405756839,15.0919701329113,101.064344749949
6.66469732338046,15.1093546024466,100.699275176932
6.50019983423687,15.196276950123,98.7788369122071
5.80730181532395,15.5215962305149,90.1385939661945
5.80730181532372,15.521596230515,90.1385939661917
5.80730181531791,15.5215962308601,90.1385939681056
5.80730181531791,15.5215962308603,90.1385939681068
5.80730180587932,15.5215962343067,90.1385938416187
5.80730180587895,15.5215962343068,90.1385938416139
5.80730173733873,15.521599051723,90.1386091393461
5.80730173733903,15.5215990517231,90.1386091393515
5.80730174976375,15.5215990551695,90.1386093522171
5.80730174976423,15.5215990551696,90.1386093522253
5.80730184497601,15.5215990956677,90.1386110652491
5.80730184497632,15.5215990956679,90.1386110652547
5.80730184497626,15.521599095668,90.1386110652546
5.80730184497622,15.5215990956685,90.1386110652572
5.80730184497622,15.5215990956687,90.1386110652579
5.80730184497611,15.5215990956688,90.138611065257
5.80730184497567,15.5215990956694,90.1386110652533
5.80730184497345,15.5215990956721,90.1386110652349
5.80730184496238,15.5215990956859,90.1386110651429
5.80730184490663,15.5215990957546,90.138611064677
5.80730184461915,15.5215990960985,90.1386110622118
5.80730184300951,15.5215990978178,90.1386110472119
5.80730183384261,15.5215991064142,90.138610954849
5.80730181201377,15.5215991493963,90.1386108656406
5.80730180981668,15.5215993643069,90.1386120795886
5.80730180470499,15.5216004388596,90.1386182404994
5.807301776763,15.5216058116235,90.1386490080561
5.80730175512502,15.521610046925,90.1386732678739
5.80730175512502,15.5216100469252,90.1386732678747
5.80730175511688,15.5216100503715,90.1386732877623
5.80730175511688,15.5216100503717,90.1386732877631
5.80730175493834,15.521610053818,90.138673305006
5.80730175442227,15.5216100710498,90.1386733970659
5.80730175403049,15.5216101572087,90.1386738913357
5.80730175303661,15.5216105880033,90.138676377663
5.80730174784568,15.521612741976,90.138688805861
5.80730172076892,15.5216235118397,90.1387509294341
5.80730157299616,15.5216773611583,90.1390613549934
5.80730070975642,15.5219466077512,90.1406115519948
5.80729608282258,15.5232928407157,90.1483577063961
5.80727245660087,15.5300240055383,90.1870806577128
5.80715569370986,15.5636798296512,90.3807119378361
5.80657196349985,15.7319589502155,91.3487517712522
5.80364849273253,16.5733545530374,96.1859241712575
5.80072595718733,17.4147501558593,101.018193267025
5.79780444824212,18.2561457586812,105.845563087438
5.79488274630447,19.0975413615031,110.66801293261
5.79196013148619,19.938936964325,115.485527961587
5.7890370257012,20.7803325671469,120.298114637598
5.78611406278096,21.6217281699688,125.105785425884
5.78319070289365,22.4631237727907,129.908528560752
5.78026470060704,23.3045193756126,134.706290711466
5.77733122844055,24.1459149784345,139.49894864418
5.7743784720642,24.9873105812563,144.286188295189
5.77130130177905,25.8287061840782,149.065245623439
5.76805307835262,26.6701017869001,153.834562711907
5.76418866781375,27.511497389722,158.581461488423
5.75871754647375,28.3528929925439,163.276302369455
5.74887876953684,29.1942885953658,167.83442589763
5.74757702269171,29.2700141996198,168.231661067594
5.74620453544762,29.3457398038737,168.626623157085
5.74452280116456,29.4304604558202,169.063951137231
5.74270292686885,29.5151811077667,169.496916934636
5.74268747629601,29.5157404615252,169.499673102004
5.74267376891138,29.5162998152837,169.502480704553
5.74261137357211,29.519096584076,169.516699781289
5.74254913372628,29.5218933528684,169.530923099474
5.74222963123307,29.5358771968301,169.601789224099
5.7410332711956,29.5871621574374,169.860882346108
5.73732615377138,29.7303360243895,170.572634433141
5.73732407660728,29.7304195069577,170.573051644903
5.73732208188761,29.7305029895259,170.573471307432
5.73731880486072,29.7306282133782,170.574092328937
5.73731533721285,29.7307534372304,170.574707682316
5.73729806260967,29.7313795564918,170.577786328173
5.73728123294897,29.7320056757531,170.580878181431
5.73727864316356,29.7320902018534,170.581286131706
5.73727608160294,29.7321747279537,170.581694920728
5.73726414486369,29.7325973584551,170.583764758333
5.73725243894509,29.7330199889565,170.585841448844
5.73719358624467,29.7351331414635,170.596215145336
5.73689629447698,29.7456989039988,170.647989818979
5.73537134541784,29.7985277166751,170.905622001858
5.73344579808838,29.8609445255861,171.206106917172
5.73140697073468,29.9233613344971,171.502961740349
5.72346049002037,30.1332141140792,172.466260419256
5.72071972870583,30.1961699479538,172.743825152613
5.71779434350666,30.2591257818284,173.015458234795
5.70645197586774,30.4696780615159,173.873754578191
5.7064126133416,30.4701897035555,173.87547485528
5.70638011353679,30.4707013455952,173.877404204023
5.70623004656781,30.4732595557934,173.887429294128
5.70606988371936,30.4758177659916,173.897145936244
5.70528121752273,30.4886088169826,173.946087231928
5.70327232753606,30.5212544767123,174.071026058719
5.70113976763085,30.553900136442,174.192055124091
5.69525431597725,30.6399347847356,174.502220824027
5.68278900619859,30.7991813554309,175.025249206559
5.6827858821656,30.7992161826559,175.025350904563
5.68278265904884,30.7992510098809,175.025449550644
5.68276724658593,30.7994251460059,175.025964433398
5.68275228354713,30.799599282131,175.026493152866
5.68267837520621,30.8004699627563,175.029164603543
5.68230762409694,30.8048233658826,175.042482670915
5.68043045073844,30.8265903815145,175.108302695596
5.67037181874345,30.9354254596741,175.415364727375
5.6591054421324,31.0442605378336,175.68274375663
5.65909610563537,31.0443323929281,175.68286054687
5.6590857482389,31.0444042480226,175.682945642552
5.65904335016325,31.0447635234951,175.683662575026
5.65900547832962,31.0451227989675,175.684519994773
5.65880754573448,31.0469191763299,175.688540506824
5.65781913374503,31.0559010631414,175.708671250734
5.65274250991683,31.100810497199,175.804873590384
5.65273804024111,31.100835860668,175.804877952893
5.65273302661329,31.100861224137,175.804865397796
5.65273088000899,31.1008726376981,175.804863154343
5.65272881888258,31.1008840512592,175.804863569278
5.65271956720658,31.1009411190644,175.804898422275
5.65271153684219,31.1009981868697,175.804971258226
5.65267656116535,31.1012835258961,175.805496408991
5.6525122418608,31.1027102210281,175.80845027941
5.65167925975872,31.109843696688,175.822858394907
5.64742559275767,31.1455110749877,175.891956344403
5.64555380630868,31.1608641913692,175.920335443452
5.64366302375107,31.1762173077507,175.948064840181
5.64074501433465,31.199246982323,175.986996866534
5.63776449252598,31.2222766568953,176.023842712067
5.63775143273662,31.2223606000591,176.023908206403
5.63773682622484,31.2224445432229,176.023925406091
5.63773085718672,31.2224823176466,176.023952000163
5.6377251731658,31.2225200920704,176.02398749274
5.63771704018616,31.2225767537059,176.024053002888
5.63770927020856,31.2226334153415,176.024129845994
5.63767171043939,31.2229167235194,176.02455432959
5.6376346907994,31.2232000316973,176.024995656466
5.63744883607785,31.2246165725867,176.027178354106
5.636515077936,31.2316992770336,176.037943884563
5.63175621982796,31.2671127992685,176.088756983343
5.62689272004537,31.301955555343,176.132745837543
5.62186656688485,31.3367983114175,176.171298740172
5.62185243684645,31.3368862759502,176.17135047363
5.62183830898532,31.3369742404828,176.171402272833
5.62177254146796,31.3374140631461,176.171813900806
5.62170843033709,31.3378538858093,176.172277378526
5.62138464884738,31.3400529991257,176.174492823348
5.61975729687021,31.3510485657074,176.185283941666
5.61135880810859,31.406026398616,176.230482859565
5.59085291589119,31.5288555180124,176.273193807591
5.56783064201959,31.6516846374088,176.231219595705
5.52225380335372,31.8595932112221,175.936759783974
5.50684388718951,31.9219657833661,175.789282141202
5.49057508300509,31.9843383555101,175.612411221168
5.44262536850368,32.1508806284972,174.985198528392
5.43791610485724,32.1658694330661,174.915299416805
5.43322787424465,32.1808582376349,174.845935993834
5.42843892371161,32.1958470422038,174.773189265764
5.42447472470643,32.2082033768273,174.712585145804
5.42043959112315,32.2205597114508,174.649597508095
5.41640502866934,32.2329160460743,174.586528560634
5.4163959501148,32.2329399903581,174.586365624069
5.41638617489623,32.2329639346419,174.586180231523
5.4163721875911,32.2329998510675,174.58592391595
5.41635887993423,32.2330357674932,174.585689506499
5.41629652957168,32.2332153496215,174.584652435091
5.41623747990304,32.2333949317497,174.58372173386
5.41594119431067,32.2342928423911,174.57903447458
5.41445572418443,32.238782395598,174.555459882582
5.40695887036082,32.2612301616325,174.435144591191
5.40693253371909,32.2612977331687,174.434660293468
5.40690364899715,32.2613653047048,174.434093787639
5.40686590548638,32.2614666620091,174.433424155802
5.40683144189316,32.2615680193133,174.432860331598
5.4068159732183,32.2616136301002,174.432607897023
5.40680060941169,32.2616592408872,174.432358844261
5.40672366022422,32.2618872948217,174.4311093604
5.4066466216374,32.2621153487562,174.429856957229
5.40626127090307,32.263255618429,174.423589323158
5.40432896236832,32.2689569667927,174.392058721054
5.39454000670845,32.297463708611,174.229960091316
5.38483324328297,32.3251054777259,174.065302569087
5.37491437964801,32.3527472468409,173.893246398163
5.33335152900948,32.4630486922617,173.136850379183
5.33320792177028,32.4631576696858,173.132769649646
5.33307989287843,32.4632666471098,173.129194612852
5.33285880370351,32.4638115342299,173.124923142089
5.33178722118803,32.4665359698303,173.104661600183
5.32637864613695,32.4801581478326,173.001620781767
5.32090430494249,32.4937803258349,172.896295619591
5.30410344619066,32.534780556458,172.567841670566
5.28717454749649,32.5749264793875,172.229322168387
5.2697420516946,32.615072402317,171.873018557554
5.21213528071093,32.7404595414885,170.647704282881
5.18795249259585,32.7897529969812,170.111680792291
5.16311228717672,32.8390464524739,169.551684237935
5.14570663117415,32.8726369285521,169.152945827431
5.12792304415161,32.9062274046303,168.740601804297
5.1279046026489,32.9062587794096,168.74015585089
5.12788551668995,32.9062901541889,168.739688689662
5.12785804613071,32.9063372163578,168.73902606359
5.12783167364811,32.9063842785267,168.738399568665
5.12771212618977,32.9066043992222,168.735594409621
5.12759417080559,32.9068245199178,168.732841588053
5.12700464567384,32.9079251233955,168.719084987136
5.12641510454702,32.9090257268732,168.705326562169
5.12345993763799,32.914528744262,168.63626938746
5.10853507390609,32.9420438312056,168.285586317866
5.05282828250761,33.0408031872423,166.949504821265
5.0359875486837,33.0695559682046,166.537872096377
5.01883715442624,33.0983087491669,166.11502169899
5.01103903831358,33.1112475005999,165.921753832769
5.00316549352847,33.1241862520329,165.725785657381
4.99126357523381,33.1435943791825,165.428415377138
4.97919771432045,33.163002506332,165.125146279532
4.97916550854363,33.1630601679417,165.124365345972
4.97913365655172,33.1631178295513,165.12359614131
4.97897016242797,33.1633888357402,165.119523498147
4.9788002979277,33.1636598419291,165.11523950137
4.97801222224834,33.1649218110474,165.095386125305
4.97406490108568,33.1712316566389,164.99585910907
4.95411308213906,33.2027808845963,164.490331143775
4.93381651733925,33.2343301125537,163.972086852023
4.9338047006277,33.2343466764292,163.971775854457
4.93379243273243,33.2343632403046,163.971449861696
4.93373412546622,33.2344460596818,163.969920665618
4.93367883057822,33.2345288790589,163.968491574854
4.93340929364172,33.2349429759448,163.961576551178
4.93206272618984,33.237013460374,163.927035217781
4.92531636648738,33.2473658825203,163.753795323771
4.90094883202323,33.2842489841644,163.124401183711
4.82490989435497,33.3949393760381,161.12757341683
4.77597987611558,33.4629562370423,159.81840558345
4.72536576792814,33.5309730980465,158.446112442829
4.72523117663919,33.5311452220168,158.44241279149
4.72509834921463,33.531317345987,158.438772238515
4.72508093294832,33.531340582723,158.43829804362
4.725063500744,33.5313638194589,158.437823313493
4.72505564511138,33.5313742759901,158.43760931111
4.72504778191141,33.5313847325213,158.437395054818
4.72500838550715,33.5314370151773,158.436321074817
4.72496889988858,33.5314892978332,158.435244099209
4.72477114141901,33.531750711113,158.429848081123
4.72378155792744,33.533057777512,158.402839910326
4.71882433562588,33.5395931095066,158.26744817213
4.69380392548259,33.5722697694799,157.581651631345
4.56283365520312,33.7356530693461,153.930173205069
4.53769016930473,33.7656991151803,153.218280934655
4.51221057901427,33.7957451610144,152.4935188412
4.48693000693855,33.8251649121161,151.771147433819
4.4613473910448,33.8545846632177,151.037062962151
4.46132714655549,33.8546054342918,151.036470259931
4.46130616146143,33.8546262053659,151.035852483972
4.46120763283623,33.8547300607364,151.032980154567
4.46111523128947,33.8548339161069,151.030315235919
4.46066069645549,33.8553531929593,151.017243352453
4.45838798934821,33.8579495772217,150.951875739043
4.44698370081435,33.8709314985337,150.623480305379
4.38900416165701,33.9358411050934,148.944547839586
4.32949481295196,34.0007507116531,147.206073842575
4.16665622588117,34.1704503773333,142.37651980588
4.16630552063879,34.1708037014262,142.366008105916
4.16595518279181,34.1711570255191,142.355508712454
4.16579764385919,34.1713160213609,142.350787769353
4.16563999613385,34.1714750172027,142.346063058548
4.16561872340452,34.1714964816413,142.345425550677
4.16559746364805,34.17151794608,142.344788485195
4.16549115136393,34.1716252682732,142.341602682716
4.16538482326539,34.1717325904664,142.338416317012
4.16537046843615,34.1717470789625,142.33798613758
4.16535611338205,34.1717615674586,142.337555950047
4.16533458061076,34.1717833002027,142.336910661472
4.16531304755554,34.1718050329468,142.336265362258
4.16520537952344,34.1719136966675,142.33303875797
4.16509770705302,34.1720223603881,142.329811978617
4.1645592868338,34.1725656789912,142.313675753381
4.16186580363949,34.175282272007,142.232938617593
4.14836102739647,34.1888652370856,141.827756120436
4.14831232090625,34.1889129137247,141.826288678395
4.14826344186273,34.1889605903639,141.824815332292
4.14802404243754,34.1891989735595,141.817619334006
4.14778658956968,34.1894373567551,141.810489773281
4.14659781342247,34.1906292727331,141.774788581853
4.14064503123002,34.1965888526234,141.595935717631
4.11070241942713,34.2263867520746,140.694490830002
4.03416658147113,34.3011257558054,138.376455230909
3.95564617891309,34.3758647595362,135.978758082892
3.9338449769891,34.3962911008121,135.309676973985
3.9118884728859,34.4167174420881,134.634360236276
3.82178017184341,34.4991603791128,131.848207082139
3.72928065796028,34.5816033161374,128.964504368126
3.72925831347258,34.5816224734536,128.963803102497
3.72923562639194,34.5816416307697,128.963089988585
3.72922548015648,34.581650251562,128.962771263985
3.72921537446871,34.5816588723543,128.962453941416
3.72916530103628,34.5817019763156,128.960883060854
3.72911576420672,34.581745080277,128.959330732639
3.72887003692312,34.5819606000837,128.951636699708
3.72764614769554,34.5830381991176,128.913329118548
3.7215177034967,34.588426194287,128.721440418128
3.72149502659335,34.5884458335293,128.720729147073
3.72147214236889,34.5884654727717,128.720010704208
3.72135909392073,34.5885636689837,128.716465955229
3.72124709272804,34.5886618651957,128.712957407212
3.72068789918718,34.5891528462555,128.695442438198
3.71789083052935,34.5916077515545,128.607821272773
3.70387444827865,34.6038822780497,128.16843538091
3.63300864964501,34.6652549105255,125.939170932088
3.25942229748756,34.9721180729045,113.988901437193
3.25919146053905,34.9722990640833,113.981418465078
3.25896118000195,34.972480055262,113.973954868491
3.25887284204176,34.9725495830585,113.971092053188
3.25878410257448,34.972619110855,113.968215183847
3.25874440761896,34.9726503983634,113.96692890528
3.25870478159017,34.9726816858718,113.965645034781
3.25850638291888,34.9728381234138,113.959216253932
3.25830783978433,34.9729945609558,113.952782358697
3.25731497428524,34.9737767486659,113.920606710738
3.25234800324334,34.9776876872165,113.759612707588
3.22743768813865,34.9972423799695,112.951419038037
3.22741490294562,34.9972599586621,112.950678352848
3.22739191218239,34.9972775373546,112.949930472461
3.22735763758886,34.9973039053935,112.94881605409
3.22732356889412,34.9973302734323,112.94770883982
3.22715448639536,34.9974621136266,112.942216872442
3.22698608544271,34.9975939538209,112.936748712954
3.22614399996639,34.9982531547922,112.909404424637
3.22193139956567,35.0015491596488,112.772590270914
3.20081474581502,35.018029183932,112.08622418131
3.09389689733534,35.1004293053477,108.597109322954
3.04507842828313,35.1375093599848,106.996471775687
2.99578819868485,35.1745894146219,105.375619861909
2.92105418764807,35.2302094965775,102.909350981697
2.84531776494,35.2858295785332,100.399397750446
2.72990377699035,35.3692597014666,96.5546756483864
2.61231867751521,35.4526898244001,92.6137237964336
2.61222817796764,35.4527518136212,92.6106772740346
2.6121378743094,35.4528138028422,92.6076376852432
2.61170352142325,35.4531180118158,92.5930331568933
2.61127100177984,35.4534222207894,92.5784933590046
2.60910698537148,35.4549432656575,92.5057401403765
2.5982764156896,35.4625484899976,92.1415033818098
2.54385826632517,35.5005746116983,90.3084301852621
2.2652247118008,35.6907052202015,80.8474674463984
2.20349550007828,35.7318644342455,78.7350024902671
2.14126229771493,35.7730236482894,76.5994268133465
2.14120342039365,35.7730618679231,76.5974024295507
2.14114442902841,35.7731000875568,76.5953739615482
2.1408531808857,35.7732911857255,76.5853642257108
2.1405632056031,35.7734822838941,76.575399913198
2.1391127593403,35.7744377747373,76.5255563021662
2.13185427940026,35.779215228953,76.2760730994266
2.09547839939081,35.803102500032,75.024627919992
1.98369468820604,35.8758208152679,71.1666751862786
1.95190998324178,35.8963332179246,70.0664111698407
1.91997535970407,35.9168456205813,68.959458589811
1.91996504583607,35.916852349675,68.959101067831
1.91995482688277,35.9168590787687,68.9587469547501
1.91990336941585,35.9168927242371,68.9569633602105
1.91985144087304,35.9169263697056,68.95516284261
1.91958975299727,35.9170945970479,68.9460867459268
1.91827796989618,35.9179357337593,68.9005848422172
1.91171820253913,35.9221414173165,68.6730116216687
1.87884883700818,35.9431698351025,67.5317828430699
1.75008066141033,36.0247620271045,63.0462393555446
1.6195059771462,36.1063542191064,58.4744564708008
1.53365798793419,36.1593831570857,55.4561268176375
1.44704362042496,36.2124120950649,52.4009399023632
1.3279054004064,36.2846206189657,48.1825436716219
1.20738090035809,36.3568291428665,43.8965411046792
1.02407387994567,36.4651419287176,37.3429993777112
0.837773539921855,36.5734547145687,30.6402726233959
0.569968326676923,36.7262809861209,20.9328169187258
0.296516271892297,36.879107257673,10.9352553947614
