8.90261248199544,0.0,0.0
8.90261248199544,2.95033978552658e-29,2.6265731800756697e-28
8.89394773460911,3.40458697266242e-05,0.0003028021859279
8.88794136997178,6.80917394532485e-05,0.0006051953880398
8.88377775033946,0.0001021376091798,0.000907367819905
8.88041196323982,0.000143171829258,0.0012714248253422
8.87825026693029,0.0001842060493362,0.0016354274066897
8.87650903426752,0.000239010769401,0.0021215812538759
8.87540883059462,0.0003049628154802,0.0027066696655165
8.87478316738397,0.0003877942342181,0.0034415897422477
8.87448501719589,0.0004977758157664,0.0044175040189422
8.87438118554326,0.0006572942066345,0.0058330793407246
8.87436212266029,0.0009282171886967,0.0082373354609727
8.87435617186313,0.0015873764354537,0.0140869438670389
8.87432598045074,0.0043978077850013,0.0390275798834657
8.87417607276353,0.0184499645327392,0.16372823379977
8.87342639670379,0.0887107482714288,0.787168295383042
8.86967714020173,0.440014666964877,3.90278803293184
8.85967275997721,1.37501466696488,12.1821799894779
8.84940604793113,2.31001466696488,20.4422577646486
8.83668333912888,3.24501466696488,28.6751670427974
8.82429832859249,3.7439029821592,33.0373168278799
8.7958036168561,4.24279129735352,37.3187590388277
8.75960670962667,4.53369226834553,39.713361213182
8.69132541750473,4.82459323933753,41.9321098501758
8.56204425185324,5.11549421032954,43.7990877989406
8.38696491353859,5.34329183232593,44.8140011205149
8.19623656579072,5.51019600280299,45.1628699628477
7.93437821518699,5.67710017328004,45.0442599403074
7.47032116212806,5.88967786146082,43.9977851665879
6.83018000165757,6.1022555496416,41.679503820166
6.11631036057938,6.28645531997064,38.4499118048558
5.40668657773176,6.43955296439804,34.8166445792036
5.4066865777316,6.4395529643981,34.8166445792029
5.40668657770707,6.4395529658279,34.8166445867755
5.40668657770707,6.43955296582797,34.8166445867758
5.40668641364697,6.439571385805,34.8167431213417
5.40668619357029,6.43961302293275,34.816966823026
5.40668498190012,6.43982120857148,34.8180846145053
5.40667825357081,6.44086213676514,34.8236692490957
5.40664458819627,6.44606677773341,34.8515920589842
5.40647626023206,6.47208998257481,34.9912008448764
5.40563462506846,6.60220600678178,35.6891133920946
5.40142644134495,7.25278612781666,39.1753907642087
5.39537848035373,8.18778612781666,44.1762050757608
5.38933011181904,9.12278612781666,49.1657059823274
5.38327800479871,10.0577861278167,54.143858838845
5.37719102557358,10.9927861278167,59.1103109125455
5.3707766327109,11.9277861278167,64.061475015251
5.36131913220608,12.8627861278167,68.9615013605384
5.35027783236702,13.3360696449853,71.3516777924677
5.3230042109677,13.809353162154,73.5072450328857
5.27984101349861,14.1387427932562,74.6503140791422
5.19432558353561,14.4681324243585,75.1521903978265
5.18348990526908,14.4977774911577,75.1490832742533
5.1720678877166,14.5274225579569,75.1368157032986
5.14121492614551,14.6000311593714,75.0618981187496
5.10596523852526,14.6726397607858,74.9179885759759
5.04014931429186,14.7876560936806,74.5319947205483
5.01767849168835,14.8221609935491,74.3728384176732
4.99394965490718,14.8566658934175,74.1934415115036
4.96009132980859,14.9029025292688,73.9197576244086
4.92370488337951,14.9491391651201,73.6051495096215
4.80807003182679,15.0781485685813,72.4967942680276
4.80647391017202,15.0799136341762,72.4812114503151
4.80474411738266,15.0816786997711,72.4636070129807
4.79870783989249,15.087791660743,72.4019041290718
4.78061552227332,15.1058092401869,72.2150661301372
4.7158400095685,15.1670311605,71.5252923730581
4.69540341344605,15.1853977365939,71.3015683669391
4.67448180145792,15.2037643126879,71.0697195933148
4.5834319522147,15.2792806219309,70.0315430094131
4.58084776505217,15.2813195622805,70.0013985639205
4.57827442981637,15.28335850263,69.9714094343077
4.57626232893243,15.2849435193811,69.9479112276035
4.57425068566095,15.2865285361321,69.9244136377779
4.56413368437806,15.2944536198872,69.8059309506852
4.5539296054515,15.3023787036423,69.6859554123474
4.51597714636589,15.331243027728,69.235543138601
4.31741111890367,15.4693047447635,66.7873483067514
3.86427261282662,15.7302185577796,60.7858527666047
3.84443416186606,15.7404472218739,60.5131130228218
3.82445334986233,15.7506758859682,60.237725154687
3.75000149205571,15.7880970081714,59.2053873373628
3.67349664947064,15.8255181303745,58.1349878280676
3.46405316238666,15.92330796569,55.1591853142051
3.25176997192117,16.016509074759,52.0820032643043
3.25176997192096,16.0165090747591,52.0820032643014
3.25176997183824,16.0165090783154,52.0820032745406
3.25176997183824,16.0165090783155,52.0820032745409
3.25176875364646,16.0165384152661,52.0820791603406
3.25176891550433,16.0165946389587,52.0822645791993
3.25176845356518,16.0168757574218,52.083171312657
3.25176297369999,16.018281349737,52.0876541953838
3.25173562411042,16.0253093113131,52.1100691749852
3.25159899118098,16.0604491191937,52.2221401538836
3.25091571049572,16.2361481585964,52.7823491267171
3.2474993425729,17.11464335561,55.5797930457131
3.24408292001525,17.9931385526236,58.3712334560342
3.24066609982133,18.8716337496373,61.1566637406936
3.23724606842169,19.7501289466509,63.936027283367
3.23379991163884,20.6286241436645,66.7088429330132
3.23014427703141,21.5071193406781,69.471098453723
3.22473505224045,22.3856145376918,72.187675865638
3.22172309934913,22.6491630967958,72.969331929873
3.21699763084594,22.9127116558999,73.7101391132862
3.20207407902367,23.3304671219652,74.7058840227587
3.19439852253573,23.4557937617848,74.9271529375481
3.18440193186441,23.5811204016043,75.0917653623961
3.17478170000544,23.6770644729683,75.1695109986287
3.16304047233125,23.7730085443322,75.1949881747994
3.13312941153328,23.9577165856717,75.0626264677467
3.13282282738462,23.9581654262122,75.0566875494945
3.13270241271919,23.9586142667526,75.0552087188644
3.13262234777568,23.9590631072931,75.0546965216741
3.13223946985375,23.9610199794755,75.0516525176675
3.1320673670827,23.9619005719576,75.0502868347087
3.13189418105022,23.9627811644397,75.0488948906886
3.13102518867944,23.9671841268501,75.0418572028858
3.13014947240284,23.9715870892606,75.0346506801079
3.12565530701314,23.9936019013129,74.9957291171992
3.1001720130994,24.1036759615742,74.7255416288891
3.08353105669176,24.1651698251947,74.5140516462185
3.06498926769295,24.2266636888153,74.2544641982252
3.04439124626456,24.2881575524358,73.9426542405301
3.02408859586099,24.3432102539415,73.6160245155906
3.0019330047604,24.3982629554471,73.2419508247797
2.92638233833078,24.5577569760473,71.8653862837243
2.8324679311305,24.7172509966475,70.0108207937075
2.71878408913471,24.8767450172477,67.6344985423544
2.5845595722741,25.0362390378479,64.7076512590123
2.58336031491649,25.0375309394148,64.680963812378
2.58219258853099,25.0388228409816,64.6550627655232
2.57962105674044,25.0416424762387,64.5979482270712
2.56670594052069,25.055740652524,64.3107183769791
2.55359211183266,25.0698388288094,64.0181426781638
2.51518339119178,25.11024940718,63.1568822576223
2.49482637658358,25.1310941753402,62.6977166210447
2.47413636244863,25.1519389435005,62.2293267262023
2.45607158696177,25.1698319792473,61.818909172831
2.43776200741729,25.1877250149941,61.4016790948267
2.34230952761742,25.277190193728,59.2070034221667
2.24043127116564,25.3666553724619,56.8322479413455
2.21080364840672,25.3916806545167,56.1360202301839
2.18067364816614,25.4167059365715,55.4255408590693
2.05946563474871,25.51356696297,52.5443143800967
2.02170804546301,25.5426252708895,51.6397310124042
1.98328658962144,25.5716835788091,50.7159771158948
1.80286629554829,25.7022543846117,46.3377281496247
1.60998137983566,25.8328251904144,41.5903675451168
1.54893865720935,25.8725267458469,40.0749568363251
1.54893865720908,25.8725267458472,40.0749568363186
1.54893865720965,25.8725267461184,40.0749568367534
1.54893865720965,25.8725267461188,40.074956836754
1.54893865722477,25.8725267518634,40.0749568460431
1.54893865722477,25.8725267518636,40.0749568460435
1.54893865721648,25.8725267518691,40.0749568458375
1.54893865721609,25.8725267518693,40.0749568458278
1.54893865695545,25.8725267521409,40.0749568395052
1.54893865569698,25.8725267534989,40.0749568090487
1.54893865046458,25.8725267602887,40.0749566841903
1.54893863893632,25.8725267942379,40.0749564385103
1.54893863585143,25.8725269639838,40.0749566216224
1.54893863566498,25.8725278127135,40.0749579314286
1.54893863188934,25.8725320563616,40.0749644068939
1.54893861266128,25.8725532746023,40.0749967751675
1.54893850703217,25.8726593658058,40.0751583710233
1.5489379259706,25.8731898218235,40.0759649808589
1.54893500109987,25.8758421019118,40.0799975145847
1.54892030259743,25.8891035023531,40.100158030841
1.54884727244991,25.9554105045597,40.2009667653049
1.54848029279745,26.2869455155927,40.7048170887356
1.54744818862362,27.2219455155927,42.1245502789147
1.54641368372879,28.1569455155927,43.5422858373185
1.54538071646218,29.0919455155927,44.9581316041654
1.54434000705096,30.0269455155927,46.3718132492691
1.54324109867073,30.9619455155927,47.7817468144666
1.54312912390776,31.0460955155927,47.908134173733
1.54301647575822,31.1302455155927,48.034481724958
1.54237282674246,31.5399067503121,48.6462951296726
1.54177878773728,31.8204067503121,49.0600281448033
1.54089606052589,32.1009067503121,49.4641607508649
1.53949705189803,32.3814067503121,49.8510802284165
1.53948769445949,32.3814680956621,49.8508716618046
1.53947799236437,32.3815294410121,49.8506519335372
1.53946637114033,32.3818361677621,49.8507478160455
1.53946545427681,32.3821428945121,49.8511903215565
1.5394552619739,32.3836765282621,49.8532212334939
1.53940456481514,32.3913446970121,49.863383887081
1.53913734728094,32.4296855407621,49.9137401763637
1.53913433158934,32.4301513820137,49.9143593706968
1.53913106121186,32.4306172232653,49.9149703025997
1.53913056905932,32.4306801118342,49.9150511355082
1.53913012158807,32.4307430004032,49.915133417402
1.53912793343031,32.431057443248,49.915546421586
1.53911624435857,32.432629657472,49.9175871530808
1.5391049892299,32.434201871696,49.919641922417
1.53904586935237,32.4420629428161,49.9298229654107
1.5387482082831,32.4813682984167,49.9806472717723
1.53874208943386,32.4817224590306,49.9809934850193
1.5387378640612,32.4820766196444,49.9814011979839
1.53872572566091,32.4835830240762,49.9833248607881
1.53871437665981,32.4850894285081,49.9852741307251
1.53865026709979,32.4926214506673,49.9947806738414
1.53839898210065,32.5234997416172,50.0341188968548
1.5381330395944,32.5506241620691,50.0671904830984
1.53789688022156,32.5777485825211,50.1012179097014
1.53760670657839,32.604873002973,50.1334713965078
1.53673866431893,32.6826359432977,50.2246703059253
1.53438586018105,32.842765858968,50.3934755432376
1.53223847098791,32.9520425832749,50.4903873437255
1.52950703006168,33.0613193075817,50.56752030406
1.52854072913454,33.0941023248737,50.5856832977155
1.52750761662935,33.1268853421658,50.6015696753655
1.52580461617258,33.1760598681039,50.6201852931708
1.5239204824838,33.2252343940419,50.6326152284056
1.51649010575608,33.3787063509614,50.6184779241706
1.51648459479047,33.378818232018,50.6184636411664
1.51647921607809,33.3789301130746,50.6184537714008
1.51644795338711,33.3794895183575,50.6182585652198
1.516415470115,33.3800489236405,50.6180225810039
1.51625569958675,33.3828459500554,50.616930440198
1.51544325884224,33.3968310821296,50.6110025301063
1.51096791128725,33.4667567425011,50.5671955327753
1.50579020138789,33.5366824028725,50.499207749303
1.50166788165355,33.5855628523458,50.4343610226243
1.49712348210708,33.6344433018191,50.3549148747524
1.49710921060054,33.6345459693067,50.3545885650163
1.49709445498243,33.6346486367942,50.3542459694268
1.49705533998845,33.6350313433734,50.353503283276
1.49701746434737,33.6354140499526,50.352802253334
1.49682970179943,33.6373275828485,50.3493510151651
1.49587862044077,33.6468952473284,50.3316712446887
1.49080994606304,33.6947335697275,50.2324439356941
1.49080193781372,33.6948532259746,50.2323524836317
1.49079607455284,33.6949728822217,50.2323333049804
1.49079173273865,33.6950178779443,50.2322540869204
1.49078685958183,33.6950628736669,50.2321569648463
1.49078463760397,33.695083121742,50.2321122806817
1.49078240036953,33.6951033698172,50.2320670823554
1.49077904114809,33.6951337419299,50.231999171151
1.49077567678291,33.6951641140427,50.2319310864233
1.49075883885104,33.6953159746064,50.2315901170231
1.49074198230093,33.6954678351701,50.2312485151588
1.49065763541839,33.6962271379888,50.2295382680352
1.49023481921178,33.7000236520822,50.2209486545936
1.48807952035462,33.7190062225491,50.1765626064854
1.48568273933385,33.7390469833033,50.1255197446674
1.48320955340833,33.7590877440575,50.071801456336
1.48205765867488,33.7681060863968,50.0462802442903
1.48089087232183,33.7771244287362,50.020235259794
1.47910693095293,33.7906519422453,49.979987489193
1.47726164629722,33.8041794557543,49.9376177945342
1.47440414616999,33.8244707260179,49.8709398804463
1.47141572400495,33.8447619962815,49.7997149765338
1.47141285125219,33.8448179192452,49.7997000346678
1.4714119660606,33.8448738422088,49.7997523612376
1.47138626410864,33.8450948045535,49.7992076028747
1.47135367042995,33.8453157668982,49.7984295804863
1.47134994802543,33.845340735099,49.7983403314909
1.47134616555601,33.8453657032998,49.798249049391
1.47132736697822,33.8454905443038,49.7977964866369
1.47130867077315,33.8456153853079,49.7973473840567
1.47121538108052,33.846239590328,49.795108277027
1.47074739378751,33.8493606154288,49.7838589065156
1.46836656177199,33.8649657409329,49.7261833095398
1.46835714885425,33.8650226216154,49.7259480625598
1.46834765204694,33.8650795022979,49.7257099735822
1.46833386478852,33.8651648233215,49.7253683467279
1.46832044431535,33.8652501443452,49.7250391387955
1.46830048239925,33.8653781258808,49.7245510388637
1.46828056363736,33.8655061074163,49.7240643952617
1.46827161010672,33.8655636991073,49.72384573966
1.46826267714193,33.8656212907983,49.7236277795022
1.46824927414527,33.8657076783348,49.7233007171309
1.46823586418829,33.8657940658713,49.7229734167271
1.46821574614794,33.865923647176,49.7224823566277
1.4681956230068,33.8660532284808,49.7219911185706
1.46809491727261,33.8667011350044,49.7195318010904
1.46799400638654,33.8673490415281,49.7170654051641
1.46798993246411,33.8673752817423,49.7169659525815
1.46798587256999,33.8674015219565,49.7168669748877
1.46796550948412,33.8675327230276,49.7163699287293
1.46794508850731,33.8676639240986,49.7158709165969
1.46784283680896,33.8683199294538,49.7133708032029
1.46732975649056,33.8715999562299,49.7008065157206
1.46471675398109,33.8880000901104,49.6363214908974
1.46470665797968,33.8880598685984,49.63606691555
1.46469651854085,33.8881196470864,49.6358108669833
1.46468162490525,33.8882093148184,49.6354374843573
1.46466697112733,33.8882989825504,49.6350722274293
1.46459417898555,33.8887473212103,49.6332620597568
1.46452157362216,33.8891956598703,49.6314581565826
1.46415721354312,33.8914373531701,49.6223924779887
1.462315743977,33.902645819669,49.5763727445781
1.45947776799782,33.9194585194174,49.5046956116141
1.45654493294485,33.9362712191659,49.4297038873183
1.45653283779912,33.9363278382782,49.4293758907687
1.45652044712668,33.9363844573906,49.4290378637414
1.45646676995988,33.9366675529524,49.427628574051
1.45641679070775,33.9369506485143,49.4263447499164
1.45616552575013,33.9383661263235,49.4198787534384
1.45489889891887,33.9454435153697,49.3871883938241
1.44831794138772,33.9808304606008,49.2150464193423
1.44829189085158,33.9809594460162,49.2143480090215
1.4482657101872,33.9810884314315,49.2136451700814
1.44815290330971,33.9816728333492,49.2106581729354
1.44803998992802,33.9822572352669,49.2076674246874
1.44747657722382,33.9851792448553,49.1927509296811
1.44461612903929,33.9997892927975,49.1166439963126
1.4312413322824,34.0633392910395,48.7528591088947
1.41634195825803,34.1268892892814,48.3353452052359
1.41156021750145,34.145954288754,48.199070662628
1.40662609269255,34.1650192882266,48.0574075881638
1.38691595711685,34.2357785520144,47.4821475781074
1.38057326176359,34.2570063311507,47.2943069688528
1.37401079696964,34.278234110287,47.0986637685874
1.37400333797874,34.2782573228635,47.0984399817085
1.37399582054204,34.27828053544,47.0982141910621
1.37395873104332,34.2783965983224,47.0971022924308
1.37392214412826,34.2785126612048,47.0960076130101
1.3737399569836,34.279092975617,47.0905597097609
1.37282767076896,34.2819945476777,47.0632707242024
1.36821356414475,34.2965024079811,46.9249397973228
1.35015670739565,34.3503352671273,46.3783355622011
1.33069023370865,34.4041681262735,45.7812905245024
1.32459693314544,34.4202739281271,45.5929892832233
1.31835085227987,34.4363797299807,45.3992305664533
1.2860201376175,34.5148438041488,44.3867841788581
1.25041470591683,34.5933078783169,43.2559808973561
1.25037430995028,34.5933922846071,43.254689006705
1.25033390078897,34.5934766908974,43.2533966527821
1.25027357221606,34.5936033003327,43.2514679741321
1.25021338991553,34.593729909768,43.2495443403133
1.25018631556617,34.5937868840139,43.2486789660067
1.25015922149913,34.5938438582598,43.2478129065044
1.2500237944446,34.5941287294893,43.2434840599413
1.24988835336577,34.5944136007187,43.2391546510568
1.2492105389704,34.5958379568661,43.2174853802292
1.24580576987755,34.6029597376029,43.1085668959463
1.22837122678032,34.6385686412869,42.549021055812
1.22832577372681,34.638650639198,42.5475473472454
1.22827846207093,34.6387326371091,42.5460092515944
1.22808248609055,34.6391195506882,42.5396960537969
1.22788948672701,34.6395064642674,42.5334858128862
1.226951688279,34.6413791366496,42.5032986160251
1.22345036111302,34.6483346908841,42.390517589527
1.20990009956844,34.6747873550903,41.9530286734383
1.16910938244032,34.7502348497549,40.6268256048529
1.15723823773687,34.771167639625,40.2385247633329
1.14511252458944,34.7921004294952,39.8408699585885
1.13202616260103,34.8142388908006,39.4106292554285
1.11866365048961,34.836377352106,38.9701890585405
1.11862764929857,34.83643237758,38.9689964604808
1.11859064659553,34.8364874030541,38.9677689692995
1.11844856149872,34.8367144185464,38.9630731287651
1.11831003200035,34.8369414340388,38.9585010898943
1.11761825957083,34.8380765115004,38.9356704375785
1.11414399631661,34.8437518988085,38.8209569872031
1.11410125016069,34.8438208547643,38.8195443746681
1.11405845785614,34.8438898107201,38.8181301482402
1.11384616663287,34.844234590499,38.8111171278837
1.11363467136376,34.844579370278,38.804131695828
1.11257493378321,34.8463032691728,38.7691235522897
1.10725530178089,34.854922763647,38.5932980232115
1.09918568614172,34.8678520053582,38.3262438307977
1.09103293509551,34.8807812470695,38.0560811424146
1.08074028163725,34.8969003994167,37.7144859659327
1.07029276939561,34.9130195517639,37.3671523840206
1.07018362434799,34.9131774258095,37.363510755057
1.07007702545934,34.913335299855,37.3599579865334
1.07003997293733,34.9133923004007,37.3587253522712
1.070002994954,34.9134493009464,37.3574953161873
1.06981725883185,34.9137343036748,37.3513155283409
1.06963097243565,34.9140193064033,37.3451164223452
1.06870019046335,34.9154443200456,37.314141994945
1.0677682909509,34.9168693336878,37.2831258937877
1.06309115367584,34.9239944018993,37.1273894996836
1.03927143683332,34.9596197429563,36.3325342414087
1.03924664950286,34.9596574775117,36.3317069012717
1.0392220373086,34.9596952120671,36.3308856819723
1.03909590592663,34.9598838848441,36.3266722164118
1.03896781007534,34.9600725576211,36.3223900252667
1.03832726648109,34.9610159215059,36.3009760951792
1.03768645127671,34.9619592853907,36.279551460538
1.03447436219473,34.9666761048148,36.1721299615982
1.01823183836105,34.9902602019355,35.6281969701482
0.952527734829653,35.0814781666667,33.416080932571
0.889492332120354,35.1636352450963,31.2777839199902
0.822820588680585,35.245792323526,29.0009635881573
0.752609857860315,35.3279494019556,26.5881629779022
0.751735163532684,35.3289476104585,26.5580122093856
0.750860270135,35.3299458189614,26.5278526614803
0.750824813583002,35.3299862464058,26.5266303373476
0.75078934622968,35.3300266738501,26.5254076287371
0.750612065697162,35.330228811072,26.5192960294321
0.750434811812901,35.3304309482938,26.5131852999516
0.749548237909742,35.331441634403,26.4826198198777
0.748661032957043,35.3324523205122,26.4520302511802
0.74421861125403,35.3375057510583,26.2988294552339
0.721813050383821,35.3627729037884,25.5253109797139
0.721755238066859,35.3628339171622,25.5233106126002
0.721695458251234,35.3628949305359,25.5212406619834
0.721422052863583,35.363197340481,25.5117904211898
0.721152901408118,35.363499750426,25.502490448965
0.719800717563735,35.3650118001512,25.4557608703988
0.713022014743903,35.372572048777,25.2214225888928
0.678695120735348,35.410373291906,24.0328475766339
0.523373271710617,35.5725430337651,18.6177182306484
0.332004276233956,35.7564471554081,11.871293358529
0.331520874684119,35.7568940424237,11.8541567889317
0.331037838907292,35.7573409294393,11.8370328663529
0.328614817945069,35.7595753645173,11.7511263482038
0.326190663270151,35.7618097995952,11.6651684582709
0.314034196088704,35.772981974985,11.2339396362101
0.252411777064962,35.8288428519341,9.04362189443795
0.0205882369450551,36.0288629463371,0.741770767200102
